Grade / Unit,Ṭalīʿah Rank,Ṭalīʿah Arabic Name,Leadership Role,Leader Full Name,Username,Initial Default Password,Firebase Email,Assigned Scouts,Help & Recovery Admin Contact,Notes & Permissions
"All Units (Admin)","Troop Command","All Troop Units (11 Ṭalāʾiʿ)","Troop Leader (Admin)","Troop Leader","leader","scouts2026","leader@dhulfiqarscouts.org",124,"Self (Admin Support 1)","Full troop master access; oversees all 11 ṭalāʾiʿ & provides password recovery support"
"All Units (Admin)","Troop Command","All Troop Units (11 Ṭalāʾiʿ)","Troop Admin (Admin)","Troop Admin","admin","scouts2026","admin@dhulfiqarscouts.org",124,"Self (Admin Support 2)","Technical administrator; manages database, user provisioning & password reset service"
"Kindergarten","Lions - KG","Ṭalīʿat al-Mahdi (ʿaj)","Patrol Leader","Bilal Dabaja","bdabaja","scouts2026","bdabaja@dhulfiqarscouts.org",12,"admin@dhulfiqarscouts.org / leader@dhulfiqarscouts.org","Kindergarten patrol leader; manages attendance & star awards"
"1st Grade","Tigers - 1st","Ṭalīʿat al-Muṣṭafā (ṣ)","Patrol Leader","Nader Chamseddine","nchamseddine","scouts2026","nchamseddine@dhulfiqarscouts.org",11,"admin@dhulfiqarscouts.org / leader@dhulfiqarscouts.org","1st Grade unit leader; manages check-ins & duty rotations"
"1st Grade","Tigers - 1st","Ṭalīʿat al-Muṣṭafā (ṣ)","Assistant Leader","Mohamad Ali Soueidan","msoueidan","scouts2026","msoueidan@dhulfiqarscouts.org",11,"admin@dhulfiqarscouts.org / leader@dhulfiqarscouts.org","1st Grade assistant leader; co-manages attendance & roster"
"2nd Grade","Wolf - 2nd","Ṭalīʿat aṣ-Ṣādiq (ʿa)","Patrol Leader","Jawad Hazime","jhazime","scouts2026","jhazime@dhulfiqarscouts.org",10,"admin@dhulfiqarscouts.org / leader@dhulfiqarscouts.org","2nd Grade patrol leader"
"2nd Grade","Wolf - 2nd","Ṭalīʿat aṣ-Ṣādiq (ʿa)","Assistant Leader","Ahmad Mohsen","amohsen","scouts2026","amohsen@dhulfiqarscouts.org",10,"admin@dhulfiqarscouts.org / leader@dhulfiqarscouts.org","2nd Grade assistant leader"
"3rd Grade","Bear - 3rd","Ṭalīʿat ar-Riḍā (ʿa)","Patrol Leader","Hussein Yahfoufi","hyahfoufi","scouts2026","hyahfoufi@dhulfiqarscouts.org",10,"admin@dhulfiqarscouts.org / leader@dhulfiqarscouts.org","3rd Grade patrol leader"
"3rd Grade","Bear - 3rd","Ṭalīʿat ar-Riḍā (ʿa)","Assistant Leader","Basel Saleh","bsaleh","scouts2026","bsaleh@dhulfiqarscouts.org",10,"admin@dhulfiqarscouts.org / leader@dhulfiqarscouts.org","3rd Grade assistant leader"
"4th Grade","Webelos - 4th","Ṭalīʿat TBD","Patrol Leader","Ayman Ayash","aayash","scouts2026","aayash@dhulfiqarscouts.org",15,"admin@dhulfiqarscouts.org / leader@dhulfiqarscouts.org","4th Grade patrol leader (Ṭalīʿah name customizable in Portal)"
"4th Grade","Webelos - 4th","Ṭalīʿat TBD","Assistant Leader","Mahdi Hammoud","mhammoud","scouts2026","mhammoud@dhulfiqarscouts.org",15,"admin@dhulfiqarscouts.org / leader@dhulfiqarscouts.org","4th Grade assistant leader"
"4th Grade","Webelos - 4th","Ṭalīʿat TBD","Assistant Leader","Abbas Fardous","afardous","scouts2026","afardous@dhulfiqarscouts.org",15,"admin@dhulfiqarscouts.org / leader@dhulfiqarscouts.org","4th Grade assistant leader"
"5th Grade","Arrow of Light - 5th","Ṭalīʿat Amīr al-Muʾminīn (ʿa)","Patrol Leader","Tamer Safwan","tsafwan","scouts2026","tsafwan@dhulfiqarscouts.org",14,"admin@dhulfiqarscouts.org / leader@dhulfiqarscouts.org","5th Grade patrol leader"
"5th Grade","Arrow of Light - 5th","Ṭalīʿat Amīr al-Muʾminīn (ʿa)","Assistant Leader","Mohamed Hussein Mussa","mmussa","scouts2026","mmussa@dhulfiqarscouts.org",14,"admin@dhulfiqarscouts.org / leader@dhulfiqarscouts.org","5th Grade assistant leader"
"5th Grade","Arrow of Light - 5th","Ṭalīʿat Amīr al-Muʾminīn (ʿa)","Assistant Leader","Mohammad Haidar-Ahmad","mhaidarahmad","scouts2026","mhaidarahmad@dhulfiqarscouts.org",14,"admin@dhulfiqarscouts.org / leader@dhulfiqarscouts.org","5th Grade assistant leader"
"6th Grade","Patrol 1 - 6th","Ṭalīʿat ʿIshāq al-Ḥusayn (ʿa)","Patrol Leader","Mohamad Jalloul","mjalloul","scouts2026","mjalloul@dhulfiqarscouts.org",12,"admin@dhulfiqarscouts.org / leader@dhulfiqarscouts.org","6th Grade patrol leader"
"6th Grade","Patrol 1 - 6th","Ṭalīʿat ʿIshāq al-Ḥusayn (ʿa)","Assistant Leader","Hamze Berro","hberro","scouts2026","hberro@dhulfiqarscouts.org",12,"admin@dhulfiqarscouts.org / leader@dhulfiqarscouts.org","6th Grade assistant leader"
"7th Grade","Patrol 2 - 6th/7th","Ṭalīʿat Abū al-Faḍl al-ʿAbbās","Patrol Leader","Hassan Issa","hissa","scouts2026","hissa@dhulfiqarscouts.org",13,"admin@dhulfiqarscouts.org / leader@dhulfiqarscouts.org","7th Grade patrol leader"
"7th Grade","Patrol 2 - 6th/7th","Ṭalīʿat Abū al-Faḍl al-ʿAbbās","Assistant Leader","Ibrahim Alwishah","ialwishah","scouts2026","ialwishah@dhulfiqarscouts.org",13,"admin@dhulfiqarscouts.org / leader@dhulfiqarscouts.org","7th Grade assistant leader"
"8th Grade","Patrol 3 - 8th","Ṭalīʿat al-Bāqir (ʿa)","Patrol Leader","Hasan Yahfoufi","hyahfoufi8","scouts2026","hyahfoufi8@dhulfiqarscouts.org",8,"admin@dhulfiqarscouts.org / leader@dhulfiqarscouts.org","8th Grade patrol leader"
"8th Grade","Patrol 3 - 8th","Ṭalīʿat al-Bāqir (ʿa)","Assistant Leader","Ibrahim Hassan","ihassan","scouts2026","ihassan@dhulfiqarscouts.org",8,"admin@dhulfiqarscouts.org / leader@dhulfiqarscouts.org","8th Grade assistant leader"
"9th Grade","Patrol 4 - 9th","Ṭalīʿat Asadullāh (ʿa)","Patrol Leader","Mustapha Mourtada","mmourtada","scouts2026","mmourtada@dhulfiqarscouts.org",9,"admin@dhulfiqarscouts.org / leader@dhulfiqarscouts.org","9th Grade patrol leader"
"10th / 11th Grade","Patrol 5 - 10th/11th","Ṭalīʿat Abā ʿAbdillāh (ʿa)","Patrol Leader","Mustapha Choucair","mchoucair","scouts2026","mchoucair@dhulfiqarscouts.org",11,"admin@dhulfiqarscouts.org / leader@dhulfiqarscouts.org","Combined senior unit leader"
"10th / 11th Grade","Patrol 5 - 10th/11th","Ṭalīʿat Abā ʿAbdillāh (ʿa)","Patrol Leader","Ali Harajli","aharajli","scouts2026","aharajli@dhulfiqarscouts.org",11,"admin@dhulfiqarscouts.org / leader@dhulfiqarscouts.org","Combined senior unit leader"