Grade / Unit,Role,Leader Name,Username,Password,Login Email,Scouts Count,Notes
"All Units (Admin)","Admin","Troop Leader","leader","scouts2026","leader@dhulfiqarscouts.org",124,"Full admin access to all grades & sessions"
"All Units (Admin)","Admin","Troop Admin","admin","scouts2026","admin@dhulfiqarscouts.org",124,"Full admin access to all grades & sessions"
"Kindergarten","Leader","Bilal Dabaja","bdabaja","scouts2026","bdabaja@dhulfiqarscouts.org",12,"Kindergarten patrol leader"
"1st Grade","Leader","Nader Chamseddine","nchamseddine","scouts2026","nchamseddine@dhulfiqarscouts.org",11,"1st Grade patrol leader"
"1st Grade","Assistant Leader","Mohamad Ali Soueidan","msoueidan","scouts2026","msoueidan@dhulfiqarscouts.org",11,"1st Grade assistant leader"
"2nd Grade","Leader","Jawad Hazime","jhazime","scouts2026","jhazime@dhulfiqarscouts.org",10,"2nd Grade patrol leader"
"2nd Grade","Assistant Leader","Ahmad Mohsen","amohsen","scouts2026","amohsen@dhulfiqarscouts.org",10,"2nd Grade assistant leader"
"3rd Grade","Leader","Hussein Yahfoufi","hyahfoufi","scouts2026","hyahfoufi@dhulfiqarscouts.org",10,"3rd Grade patrol leader"
"3rd Grade","Assistant Leader","Basel Saleh","bsaleh","scouts2026","bsaleh@dhulfiqarscouts.org",10,"3rd Grade assistant leader"
"4th Grade","Leader","Ayman Ayash","aayash","scouts2026","aayash@dhulfiqarscouts.org",15,"4th Grade patrol leader"
"4th Grade","Assistant Leader","Mahdi Hammoud","mhammoud","scouts2026","mhammoud@dhulfiqarscouts.org",15,"4th Grade assistant leader"
"4th Grade","Assistant Leader","Abbas Fardous","afardous","scouts2026","afardous@dhulfiqarscouts.org",15,"4th Grade assistant leader"
"5th Grade","Leader","Tamer Safwan","tsafwan","scouts2026","tsafwan@dhulfiqarscouts.org",14,"5th Grade patrol leader"
"5th Grade","Assistant Leader","Mohamed Hussein Mussa","mmussa","scouts2026","mmussa@dhulfiqarscouts.org",14,"5th Grade assistant leader"
"5th Grade","Assistant Leader","Mohammad Haidar-Ahmad","mhaidarahmad","scouts2026","mhaidarahmad@dhulfiqarscouts.org",14,"5th Grade assistant leader"
"6th Grade","Leader","Mohamad Jalloul","mjalloul","scouts2026","mjalloul@dhulfiqarscouts.org",12,"6th Grade patrol leader"
"6th Grade","Assistant Leader","Hamze Berro","hberro","scouts2026","hberro@dhulfiqarscouts.org",12,"6th Grade assistant leader"
"7th Grade","Leader","Hassan Issa","hissa","scouts2026","hissa@dhulfiqarscouts.org",13,"7th Grade patrol leader"
"7th Grade","Assistant Leader","Ibrahim Alwishah","ialwishah","scouts2026","ialwishah@dhulfiqarscouts.org",13,"7th Grade assistant leader"
"8th Grade","Leader","Hasan Yahfoufi","hyahfoufi8","scouts2026","hyahfoufi8@dhulfiqarscouts.org",8,"8th Grade patrol leader"
"8th Grade","Assistant Leader","Ibrahim Hassan","ihassan","scouts2026","ihassan@dhulfiqarscouts.org",8,"8th Grade assistant leader"
"9th Grade","Leader","Mustapha Mourtada","mmourtada","scouts2026","mmourtada@dhulfiqarscouts.org",9,"9th Grade patrol leader"
"10th / 11th Grade","Leader","Mustapha Choucair","mchoucair","scouts2026","mchoucair@dhulfiqarscouts.org",11,"Combined 10th & 11th Grade unit leader"
"10th / 11th Grade","Leader","Ali Harajli","aharajli","scouts2026","aharajli@dhulfiqarscouts.org",11,"Combined 10th & 11th Grade unit leader"