Grade / Unit,Ṭalīʿah Rank,Ṭalīʿah Group Name,Role,Leader Name,Username,Password,Login Email,Scouts Count,Notes
"All Units (Admin)","Troop Command","All Troop Units (11 Ṭalāʾiʿ)","Admin","Troop Leader","leader","scouts2026","leader@dhulfiqarscouts.org",124,"Full admin access to all grades, ṭalāʾiʿ & sessions"
"All Units (Admin)","Troop Command","All Troop Units (11 Ṭalāʾiʿ)","Admin","Troop Admin","admin","scouts2026","admin@dhulfiqarscouts.org",124,"Full admin access to all grades, ṭalāʾiʿ & sessions"
"Kindergarten","Lions - KG","Ṭalīʿat al-Mahdi (ʿaj)","Leader","Bilal Dabaja","bdabaja","scouts2026","bdabaja@dhulfiqarscouts.org",12,"Kindergarten patrol leader"
"1st Grade","Tigers - 1st","Ṭalīʿat al-Muṣṭafā (ṣ)","Leader","Nader Chamseddine","nchamseddine","scouts2026","nchamseddine@dhulfiqarscouts.org",11,"1st Grade patrol leader"
"1st Grade","Tigers - 1st","Ṭalīʿat al-Muṣṭafā (ṣ)","Assistant Leader","Mohamad Ali Soueidan","msoueidan","scouts2026","msoueidan@dhulfiqarscouts.org",11,"1st Grade assistant leader"
"2nd Grade","Wolf - 2nd","Ṭalīʿat aṣ-Ṣādiq (ʿa)","Leader","Jawad Hazime","jhazime","scouts2026","jhazime@dhulfiqarscouts.org",10,"2nd Grade patrol leader"
"2nd Grade","Wolf - 2nd","Ṭalīʿat aṣ-Ṣādiq (ʿa)","Assistant Leader","Ahmad Mohsen","amohsen","scouts2026","amohsen@dhulfiqarscouts.org",10,"2nd Grade assistant leader"
"3rd Grade","Bear - 3rd","Ṭalīʿat ar-Riḍā (ʿa)","Leader","Hussein Yahfoufi","hyahfoufi","scouts2026","hyahfoufi@dhulfiqarscouts.org",10,"3rd Grade patrol leader"
"3rd Grade","Bear - 3rd","Ṭalīʿat ar-Riḍā (ʿa)","Assistant Leader","Basel Saleh","bsaleh","scouts2026","bsaleh@dhulfiqarscouts.org",10,"3rd Grade assistant leader"
"4th Grade","Webelos - 4th","Ṭalīʿat TBD","Leader","Ayman Ayash","aayash","scouts2026","aayash@dhulfiqarscouts.org",15,"4th Grade patrol leader (Name customizable in portal)"
"4th Grade","Webelos - 4th","Ṭalīʿat TBD","Assistant Leader","Mahdi Hammoud","mhammoud","scouts2026","mhammoud@dhulfiqarscouts.org",15,"4th Grade assistant leader"
"4th Grade","Webelos - 4th","Ṭalīʿat TBD","Assistant Leader","Abbas Fardous","afardous","scouts2026","afardous@dhulfiqarscouts.org",15,"4th Grade assistant leader"
"5th Grade","Arrow of Light - 5th","Ṭalīʿat Amīr al-Muʾminīn (ʿa)","Leader","Tamer Safwan","tsafwan","scouts2026","tsafwan@dhulfiqarscouts.org",14,"5th Grade patrol leader"
"5th Grade","Arrow of Light - 5th","Ṭalīʿat Amīr al-Muʾminīn (ʿa)","Assistant Leader","Mohamed Hussein Mussa","mmussa","scouts2026","mmussa@dhulfiqarscouts.org",14,"5th Grade assistant leader"
"5th Grade","Arrow of Light - 5th","Ṭalīʿat Amīr al-Muʾminīn (ʿa)","Assistant Leader","Mohammad Haidar-Ahmad","mhaidarahmad","scouts2026","mhaidarahmad@dhulfiqarscouts.org",14,"5th Grade assistant leader"
"6th Grade","Patrol 1 - 6th","Ṭalīʿat ʿIshāq al-Ḥusayn (ʿa)","Leader","Mohamad Jalloul","mjalloul","scouts2026","mjalloul@dhulfiqarscouts.org",12,"6th Grade patrol leader"
"6th Grade","Patrol 1 - 6th","Ṭalīʿat ʿIshāq al-Ḥusayn (ʿa)","Assistant Leader","Hamze Berro","hberro","scouts2026","hberro@dhulfiqarscouts.org",12,"6th Grade assistant leader"
"7th Grade","Patrol 2 - 6th/7th","Ṭalīʿat Abū al-Faḍl al-ʿAbbās","Leader","Hassan Issa","hissa","scouts2026","hissa@dhulfiqarscouts.org",13,"7th Grade patrol leader"
"7th Grade","Patrol 2 - 6th/7th","Ṭalīʿat Abū al-Faḍl al-ʿAbbās","Assistant Leader","Ibrahim Alwishah","ialwishah","scouts2026","ialwishah@dhulfiqarscouts.org",13,"7th Grade assistant leader"
"8th Grade","Patrol 3 - 8th","Ṭalīʿat al-Bāqir (ʿa)","Leader","Hasan Yahfoufi","hyahfoufi8","scouts2026","hyahfoufi8@dhulfiqarscouts.org",8,"8th Grade patrol leader"
"8th Grade","Patrol 3 - 8th","Ṭalīʿat al-Bāqir (ʿa)","Assistant Leader","Ibrahim Hassan","ihassan","scouts2026","ihassan@dhulfiqarscouts.org",8,"8th Grade assistant leader"
"9th Grade","Patrol 4 - 9th","Ṭalīʿat Asadullāh (ʿa)","Leader","Mustapha Mourtada","mmourtada","scouts2026","mmourtada@dhulfiqarscouts.org",9,"9th Grade patrol leader"
"10th / 11th Grade","Patrol 5 - 10th/11th","Ṭalīʿat Abā ʿAbdillāh (ʿa)","Leader","Mustapha Choucair","mchoucair","scouts2026","mchoucair@dhulfiqarscouts.org",11,"Combined 10th & 11th Grade unit leader"
"10th / 11th Grade","Patrol 5 - 10th/11th","Ṭalīʿat Abā ʿAbdillāh (ʿa)","Leader","Ali Harajli","aharajli","scouts2026","aharajli@dhulfiqarscouts.org",11,"Combined 10th & 11th Grade unit leader"